condition,subject,trial,cat,x,y,xt,yt,resp,fb,rotation,su,target_angle_left,target_angle_right,rt,mt,ep
"{'cat': 'RB', 'resp': 'button'}",1,1,A,36.79359445625419,68.80567528969696,1.8396797228127095,1.0807970200769839,A,Correct,0.0,0.0,45,-45,564,-1,-1
"{'cat': 'RB', 'resp': 'button'}",1,2,A,41.78877725049863,22.687149120603987,2.089438862524932,0.3563689050409281,B,Incorrect,0.0,0.0,45,-45,949,-1,-1
