condition,subject,trial,cat,x,y,xt,yt,resp,fb,rotation,su,target_angle_left,target_angle_right,rt,mt,ep
"{'cat': 'RB', 'resp': 'reach'}",2,0,A,41.452087568452185,72.70880960388172,2.0726043784226094,1.1421073105140687,B,Incorrect,0.0,0.0,45,-45,2001,3659,-2.45
"{'cat': 'RB', 'resp': 'reach'}",2,1,B,63.0828296620484,23.419258227723258,3.15414148310242,0.36786884800368846,B,Correct,0.0,0.0,45,-45,2001,2293,-2.45
