condition,subject,trial,cat,x,y,xt,yt,resp,fb,rotation,su,target_angle_left,target_angle_right,rt,mt,ep
"{'cat': 'RB', 'resp': 'reach'}",2,0,A,37.987485812056846,66.44098564220816,1.8993742906028421,1.0436525619541304,B,Incorrect,0.0,0.0,45,-45,2001,2915,-2.27
"{'cat': 'RB', 'resp': 'reach'}",2,1,B,60.61376101282095,30.283449978921432,3.030688050641048,0.4756913198956677,B,Correct,0.0,0.0,45,-45,2004,1555,-2.36
"{'cat': 'RB', 'resp': 'reach'}",2,2,A,36.262584541590435,52.216265480687554,1.8131292270795216,0.8202111801601117,A,Correct,0.0,0.0,45,-45,2001,409,-0.74
"{'cat': 'RB', 'resp': 'reach'}",2,3,A,40.85211262394311,28.907728292921238,2.0426056311971554,0.4540815341850559,B,Incorrect,0.0,0.0,45,-45,2001,445,-2.48
"{'cat': 'RB', 'resp': 'reach'}",2,4,A,32.343979605811825,54.54787300872943,1.6171989802905913,0.8568359855658667,B,Incorrect,0.0,0.0,45,-45,2003,3012,-2.36
"{'cat': 'RB', 'resp': 'reach'}",2,5,A,39.42136428106694,74.68674180672247,1.971068214053347,1.1731765969027848,B,Incorrect,0.0,0.0,45,-45,2001,1442,-2.4
"{'cat': 'RB', 'resp': 'reach'}",2,6,A,33.51707320578631,73.47097546777596,1.6758536602893157,1.1540793839082044,A,Correct,0.0,0.0,45,-45,2001,2948,-0.7
