experiment,condition,subject,trial,cat,x,y,xt,yt,resp,rt,fb
1,relearn,1005,0,B,57.45697968533036,29.91205550115191,2.872848984266518,0.46985746908094506,B,1465,Correct
1,relearn,1005,1,A,51.01219832563238,62.75780629362157,2.550609916281619,0.9857973160372641,A,1222,Correct
1,relearn,1005,2,A,39.674158933892556,72.17002075351007,1.983707946694628,1.1336440350432508,A,862,Correct
1,relearn,1005,3,A,23.25710393338024,52.3106020601829,1.162855196669012,0.8216930156856486,A,575,Correct
1,relearn,1005,4,A,11.921781701790923,30.392776131289533,0.5960890850895462,0.47740861108129207,B,1359,Incorrect
1,relearn,1005,5,B,88.51467229248833,69.60724831152285,4.425733614624416,1.0933880996604037,A,1400,Incorrect
1,relearn,1005,6,B,64.80054957100585,52.24454743784203,3.2400274785502923,0.82065543210424,B,1300,Correct
1,relearn,1005,7,A,58.8656013251875,81.8890600151525,2.943280066259375,1.2863103467648838,A,912,Correct
