experiment,condition,subject,trial,cat,x,y,xt,yt,resp,rt,fb
1,new_learn,1006,0,B,65.05719110524673,37.259001511409764,3.2528595552623365,0.5852630271416795,B,1122,Correct
1,new_learn,1006,1,A,28.135831438234355,57.6856924891865,1.4067915719117179,0.9061247387063409,A,499,Correct
1,new_learn,1006,2,B,40.51960171164188,20.829173482999085,2.025980085582094,0.32718389197268627,B,684,Correct
1,new_learn,1006,3,A,55.852531273267374,82.82336504506603,2.7926265636633683,1.3009863758558255,A,703,Correct
1,new_learn,1006,4,B,78.72346385380334,50.12211003176043,3.9361731926901666,0.7873162632909892,B,1343,Correct
1,new_learn,1006,5,B,44.77459180307725,22.904968392784603,2.2387295901538624,0.35979040216739255,A,1410,Incorrect
1,new_learn,1006,6,B,53.69740479261339,41.65627176116614,2.6848702396306696,0.6543351867040974,B,1149,Correct
1,new_learn,1006,7,A,35.60722695774315,68.62915894513492,1.7803613478871574,1.0780243078204106,A,1259,Correct
1,new_learn,1006,8,A,30.41596959125524,42.09288299111283,1.520798479562762,0.661193459866474,A,1142,Correct
