experiment,condition,subject,trial,cat,x,y,xt,yt,resp,rt,fb
1,relearn,1,0,B,52.61735299751799,28.72868127447901,2.6308676498758996,0.45126907019612955,A,286,Incorrect
