,condition,subject,phase_2,su_prev,emv,delta_emv
0,blocked,999,rot_1,0.0,-5.925674448710073,-0.5971035983977231
1,blocked,999,rot_2,26.78,-1.1593595502072087,0.5326861753690935
2,interleaved,1000,rot_1,26.78,-1.746011457929858,-0.0052430005172728516
3,interleaved,1000,rot_2,0.0,1.7846419632126214,2.3470603773858585
4,interleaved,1000,rot_2,26.78,-1.7542926907586605,-2.1734156491847685
